"id","rank","rating","year"
208109,17,4.11,1995
5528785,18,4.06,2014
10844795,21,4.05,1994
9437902,23,4.04,2016
11195697,24,3.92,2017
6816697,25,4.02,2015
7026670,45,3.95,1995
12475737,50,3.96,2017
1335218,68,3.92,1993
6841641,72,3.9,1996
592674,77,3.85,1993
7848854,78,3.89,2013
9028545,80,3.85,2003
13898058,86,3.81,2019
1088839,91,3.88,2003
10965576,96,3.87,2012
28940128,101,3.84,2023
6965063,105,3.83,2015
8022794,106,3.87,2007
28859347,111,3.85,2023
28416388,122,3.85,2017
643127,125,3.81,2005
26319065,128,3.82,2012
11400280,130,3.85,1997
15588933,131,3.85,2004
337721,132,3.83,1995
337706,134,3.82,1992
7859370,137,3.74,2015
4963669,138,3.84,1994
8023225,139,3.9,2008
298776,142,3.82,2003
23626466,143,3.82,2016
6245488,160,3.8,1996
26194247,164,3.77,2022
28635805,166,3.79,2023
10559651,167,3.6,2017
15881674,169,3.71,2020
1868233,173,3.77,1996
249390,175,3.77,1994
9763165,177,3.8,2004
7327183,182,3.79,1994
15752776,185,3.78,2016
1189622,186,3.77,2002
14280606,188,3.71,2019
6925632,189,3.78,1994
12898902,194,3.75,2013
7832122,203,3.76,1997
10854114,204,3.78,2017
268090,212,3.73,1997
12476529,213,3.77,2017
15029938,216,3.76,2015
935961,218,3.76,2000
13297156,222,3.74,2018
233007,226,3.75,1990
5667634,227,3.89,2001
22302910,229,3.71,2022
28570834,231,3.76,2023
4703233,233,3.64,2011
24561,237,3.69,2001
761787,242,3.75,1998
4446694,246,3.71,2003
8193804,247,3.72,2016
17699770,263,3.71,2020
1227083,264,3.88,2006
69859,266,3.73,2001
7558146,268,3.74,2007
18473659,269,3.74,2017
23454917,270,3.7,2021
20975365,274,3.73,2020
705794,276,3.71,1999
12116469,278,3.7,2015
104812,281,3.71,1991
1435845,285,3.71,2008
1685720,286,3.71,2001
530718,290,3.72,1996
8949699,292,3.69,2016
15639329,314,3.68,2020
18689338,317,3.69,2020
7243316,325,3.67,2013
11031924,328,3.71,2003
7160618,329,3.65,2005
4780959,332,3.7,2013
5726711,333,3.68,1993
28090204,338,3.65,2023
20057890,341,3.68,2006
1294997,344,3.68,1992
27997611,347,3.69,2010
3731477,348,3.67,2011
1378376,350,3.66,2000
591382,351,3.68,2003
10965576,357,3.69,2010
11889445,366,3.67,1992
17203033,368,3.68,2006
23947520,374,3.66,2012
23649770,376,3.67,2017
9669809,379,3.64,2017
26248523,380,3.65,2022
16497348,383,3.65,2010
26373872,387,3.59,2023
1378458,389,3.66,1990
28790401,394,3.65,2023
12257288,397,3.67,2013
2112465,398,3.63,2009
3824155,400,3.64,2002
21087838,405,3.63,2021
11079090,410,3.63,1995
12138143,416,3.61,2017
24196355,419,3.63,2016
5483052,425,3.65,1997
4636537,428,3.63,1989
3709454,429,3.65,2007
3657950,430,3.63,2004
1847654,431,3.62,2008
28955350,433,3.73,2023
11018224,434,3.74,2017
16397064,435,3.6,2017
12490644,437,3.63,2017
22961183,440,3.64,2018
7894329,445,3.86,2015
14734351,450,3.6,2019
19438633,451,3.6,2021
337743,453,3.62,1997
170454,457,3.64,1993
12311325,460,3.65,1995
3497913,468,3.62,2012
7912029,470,3.6,1994
15253230,471,3.61,2020
361335,472,3.62,2000
19531804,473,3.63,2022
5762314,474,3.55,2014
12443731,477,3.6,2018
28664152,480,3.61,2022
12570010,481,3.62,2018
9190895,486,3.6,2016
1277594,490,3.66,2020
25044439,492,3.61,2022
28664161,493,3.61,2022
230209,496,3.58,1986
413195,498,3.63,2001
12084576,501,3.65,2012
27511962,502,3.59,2011
220552,503,3.6,1993
315404,505,3.6,1990
8533726,511,3.62,1996
494125,516,3.61,1997
4812378,519,3.62,2007
26795693,523,3.57,2022
372440,524,3.59,1990
24633032,525,3.62,2022
27186684,527,3.58,2022
25151581,528,3.59,2021
748668,541,3.58,1991
26209877,551,3.58,2022
16438653,552,3.59,2002
13788447,553,3.58,2018
15753000,555,3.58,2017
16524108,557,3.57,2020
16251351,559,3.58,1995
23267789,563,3.58,2023
165639,564,3.58,1989
6794607,568,3.64,1995
23649770,574,3.57,2021
24913292,580,3.59,1993
1720194,582,3.59,1991
22826327,583,3.59,2022
15590200,585,3.56,2020
1544666,588,3.57,1989
243023,593,3.59,2001
28623319,596,3.57,2023
23083472,597,3.59,2021
14534401,609,3.57,2019
11262765,619,3.56,2017
16527735,624,3.57,2020
517518,628,3.54,2021
19969792,632,3.59,1995
21403378,638,3.57,2006
14218996,641,3.55,2019
78565,643,3.55,1999
20676505,649,3.55,2000
246742,651,3.55,2004
15533687,652,3.52,2020
543956,655,3.55,2004
25497631,656,3.51,2022
364489,661,3.54,1999
6649198,665,3.56,2005
5102997,668,3.55,2013
3469033,689,3.53,2012
28358704,692,3.53,2022
11610760,698,3.67,2016
15245295,703,3.59,2018
37009,706,3.53,2001
13546129,707,3.53,2019
5808994,713,3.53,2001
28854442,714,3.53,2023
15474050,716,3.55,2019
12940671,719,3.55,2007
3284792,721,3.53,2005
26529476,723,3.52,2022
23967011,724,3.54,2022
18908785,730,3.4,2020
7243316,731,3.52,2013
28664218,732,3.52,2021
486764,735,3.82,2002
3629149,742,3.51,2012
311885,746,3.55,1996
229542,750,3.52,2000
3865704,753,3.53,2011
9712042,754,3.53,2016
12091845,759,3.51,2017
1921027,762,3.5,2009
1136074,764,3.53,1995
18390061,765,3.48,2020
21319435,772,3.51,2020
140858,773,3.51,2003
22190101,777,3.51,2021
20994079,785,3.53,2017
1307409,786,3.53,1991
236426,799,3.61,2002
20621530,808,3.53,2021
4482631,813,3.53,2012
12797446,816,3.51,2018
12532193,818,3.51,2016
14916238,826,3.51,2019
3784169,829,3.52,1996
14187298,837,3.5,2018
16300843,846,3.94,2009
13128370,849,3.51,2003
515698,851,3.51,2005
16016757,852,3.51,2019
26254583,860,3.51,2023
5610785,862,3.5,2002
28917595,864,3.5,2023
16296547,866,3.51,2020
3782957,873,3.52,1996
20988094,874,3.51,2021
10507913,875,3.51,2016
220910,877,3.47,1997
94803,882,3.5,1990
1004265,883,3.6,1994
17376949,885,3.51,2020
15596435,888,3.47,2020
179094,889,3.48,1987
21087949,894,3.51,2021
26839442,898,3.48,1996
25276759,902,3.47,2021
22659533,922,3.47,2021
539458,926,3.47,1990
22176196,928,3.5,2021
12819790,929,3.48,1993
793323,932,3.49,2002
225856,939,3.46,1999
6908497,941,3.47,2015
28462882,944,3.45,2022
6296935,946,3.49,2004
28264540,947,3.48,2023
5605721,952,3.43,2004
24132407,958,3.53,2020
230122,962,3.45,1984
27555768,966,3.46,2022
1417679,967,3.46,2007
18108385,971,3.48,2020
2884719,972,3.49,2009
480410,973,3.49,2005
24018692,975,3.64,2016
27396150,991,3.45,2022
39591,994,3.48,1995
22654280,998,3.46,2022
15717409,1000,3.46,2019
343349,1002,3.49,2000
14121183,1005,3.41,2019
8050185,1008,3.47,2010
17089113,1009,3.45,2020
20317732,1011,3.47,2020
2103320,1024,3.47,2009
28514836,1027,3.47,2021
335424,1031,3.46,2000
880441,1032,3.46,1992
8462633,1033,3.46,1994
241300,1039,3.46,2002
27945963,1043,3.45,2019
873821,1046,3.46,1995
27656565,1047,3.46,2023
8687661,1050,3.46,2016
13488927,1051,3.43,2018
1420069,1059,3.45,2002
14807607,1061,3.47,2020
24376145,1063,3.72,2008
28541575,1064,3.46,2023
1148438,1067,3.51,2007
28376371,1077,3.43,2023
383250,1081,3.45,2002
15649179,1087,3.51,2019
8364321,1090,3.42,2015
22651709,1093,3.45,2018
25990603,1097,3.42,2021
21414871,1101,3.42,2021
27656151,1107,3.44,2009
15946436,1109,3.42,2016
13130047,1110,3.43,2018
7445860,1112,3.5,2015
14368082,1114,3.45,2019
9723331,1115,3.46,1997
27619557,1119,3.43,2017
790755,1120,3.45,2006
25509949,1124,3.73,2022
2253589,1125,3.45,2010
20236777,1126,3.46,2021
18156136,1132,3.42,2021
1984023,1133,3.44,2008
732628,1136,3.44,1999
20853835,1137,3.44,2006
27534909,1140,3.44,2023
16808562,1141,3.42,2020
9161935,1147,3.5,1995
23021507,1153,3.43,2018
449976,1156,3.64,1995
119844,1157,3.43,2001
28686874,1166,3.42,2023
16120452,1167,3.43,2020
22635290,1170,3.4,2022
116023,1177,3.44,1998
10488049,1181,3.39,2016
1494817,1183,3.43,2008
11247961,1188,3.4,2011
16786698,1194,3.39,2020
15833209,1196,3.4,2004
962870,1198,3.43,2007
362479,1202,3.42,2004
257760,1213,3.43,1999
2364030,1214,3.42,2010
26905760,1215,3.42,2023
8297985,1217,3.41,2015
7806794,1222,3.5,1998
21254446,1223,3.37,2021
26640365,1227,3.41,2020
14607489,1228,3.39,2018
346620,1233,3.42,2003
21462163,1238,3.4,2011
134832,1246,3.45,2001
19709518,1249,3.4,2021
23640608,1250,3.42,2022
2826501,1253,3.46,2011
21915847,1254,3.48,2021
13217371,1260,3.41,1999
28695196,1264,3.47,2022
3674556,1265,3.71,2012
13795542,1273,3.42,2023
3008467,1275,3.37,2011
1635210,1280,3.6,1993
2750182,1286,3.41,2011
27596385,1288,3.38,2023
398826,1289,3.41,2002
20992900,1291,3.4,2013
4682271,1296,3.4,2013
18140827,1301,3.42,2021
26315516,1309,3.4,2019
21384385,1310,3.36,2021
15347713,1311,3.39,2020
7970928,1312,3.39,1988
226235,1320,3.55,2000
23571569,1322,3.38,2022
22964504,1323,3.4,2021
505744,1324,3.41,1996
7658412,1327,3.66,2011
28092427,1329,3.39,2023
16197390,1331,3.38,2020
647551,1333,3.4,2006
16106463,1334,3.39,1999
6872959,1338,3.36,2010
16002559,1340,3.47,2020
5665236,1345,3.38,2014
806003,1348,3.37,2006
23692808,1355,3.36,2022
357417,1357,3.4,1990
4018660,1362,3.39,2012
19547026,1364,3.38,2021
11682611,1365,3.38,2018
1208880,1366,3.38,1987
23040545,1368,3.39,2018
221258,1372,3.56,2003
4828839,1373,3.75,2008
8958577,1374,3.32,2015
13948424,1377,3.49,2014
14585463,1378,3.52,2019
12802046,1380,3.37,2013
11802317,1381,3.38,2018
4044470,1387,3.39,2012
2122653,1388,3.39,2009
11675451,1391,3.35,2017
1946191,1401,3.37,2005
12302535,1407,3.6,2022
25551076,1410,3.38,2022
27228312,1418,3.38,2023
15924783,1424,3.37,2019
682908,1429,3.36,1990
22343401,1430,3.38,2022
5120416,1435,3.36,2013
27793347,1438,3.37,2023
8101042,1441,3.6,2013
228672,1447,3.51,1998
28817032,1449,3.36,2023
8496369,1452,3.5,2016
703049,1453,3.41,1998
23009183,1456,3.33,2021
495727,1458,3.37,2005
24869249,1462,3.36,2022
73648,1463,3.37,2001
7609823,1464,3.37,2015
24738521,1466,3.33,2018
2361066,1469,3.56,2010
13728296,1470,3.34,2017
4510424,1475,3.89,2011
10487955,1477,3.34,2015
28462882,1481,3.31,2020
14916126,1488,3.41,2020
4204639,1489,3.29,2013
9083775,1490,3.33,2015
27271095,1492,3.32,2023
4351845,1494,3.34,2013
20068879,1501,3.31,2021
8359523,1505,3.31,2016
19404535,1506,3.39,2020
1214795,1508,3.33,1997
15352884,1511,3.35,2018
8529312,1515,3.36,2018
3921140,1519,3.46,2009
8193564,1520,3.35,2015
726084,1523,3.35,1994
22840331,1525,3.33,2018
13953495,1526,3.33,2017
4886527,1527,3.35,2013
27666678,1537,3.32,2012
22840484,1539,3.34,2019
26673149,1541,3.37,2020
5667779,1542,3.92,2003
7036683,1544,3.34,2015
27822534,1550,3.32,2023
28467247,1552,3.54,2023
667118,1558,3.47,1997
14332634,1559,3.34,2017
25239016,1560,3.34,2022
23553920,1565,3.34,2021
4391293,1567,3.33,2013
7654351,1571,3.31,2015
20611435,1575,3.31,2020
6991223,1576,3.34,2015
268475,1579,3.71,1996
1227535,1581,3.39,1996
6194329,1587,3.34,2006
17473165,1588,3.35,2016
11076503,1595,3.45,2017
27480876,1598,3.31,2022
17511889,1601,3.33,2020
2060609,1607,3.52,1999
2696625,1610,3.47,2006
2329444,1611,3.56,1998
3607700,1615,3.32,2011
11338536,1619,3.31,2017
123019,1620,3.29,1985
25179433,1623,3.44,2013
15253230,1625,3.33,2015
23628023,1629,3.58,2001
5444133,1631,3.73,2012
16111180,1635,3.32,2020
20068879,1637,3.28,2019
23230595,1640,3.31,2020
18806131,1642,3.33,2021
1012873,1653,3.32,2007
28097086,1655,3.33,2022
15863238,1658,3.32,2019
515128,1659,3.33,2002
13986005,1660,3.43,2010
3698335,1662,3.32,2012
19724806,1667,3.31,2020
13590709,1670,3.32,2019
229943,1672,3.31,1993
26632283,1675,3.32,2022
524888,1676,3.3,1991
15573541,1682,3.3,2020
14851431,1692,3.29,2020
13809199,1698,3.29,2000
25728574,1699,3.31,2022
21130687,1700,3.31,2021
3257197,1702,3.31,2011
21591409,1704,3.49,2021
129338,1709,3.31,2002
23522081,1710,3.31,2022
609498,1712,3.64,2000
11014531,1714,3.27,2017
2334352,1719,3.29,2009
19525324,1723,3.44,2020
21341488,1724,3.46,2020
7687750,1727,3.3,2016
1076449,1729,3.61,1996
17972506,1735,3.29,2021
12279056,1740,3.27,2016
8703972,1749,3.29,1992
10792929,1753,3.84,2012
545010,1754,3.27,1993
11038651,1756,3.29,2017
775735,1757,3.28,2005
12176984,1758,3.28,2017
14107016,1761,3.3,2019
12056786,1763,3.29,2016
113613,1764,3.29,1998
242144,1773,3.29,2003
8367838,1777,3.27,2016
16095908,1780,3.28,2020
4785196,1781,3.28,2013
12867534,1783,3.26,2018
1542680,1788,3.44,2008
11156609,1789,3.56,2017
19717285,1790,3.27,2021
23651915,1794,3.25,2022
28144366,1795,3.27,2013
585475,1797,3.52,2001
28029759,1798,3.7,2023
14279650,1803,3.28,2019
23128550,1806,3.27,1993
14921859,1809,3.28,2020
13890078,1817,3.71,2015
26191898,1821,3.27,2022
15572478,1822,3.27,2020
13230929,1825,3.27,2019
2857787,1835,3.58,2011
27992307,1836,3.66,2017
25307680,1840,3.25,2019
1058891,1844,3.58,2003
13919454,1845,3.26,2019
12166117,1848,3.48,2017
12714993,1850,3.26,2018
10388011,1853,3.25,2017
9632662,1855,3.27,2016
3774343,1863,3.77,2011
19830643,1864,3.27,2021
26303507,1868,3.26,2023
26049313,1870,3.27,2022
28632868,1875,3.26,2023
14474083,1876,3.26,2018
14727413,1880,3.24,2019
677855,1885,3.29,1992
1573999,1888,3.25,1998
27974637,1889,3.26,2012
23950220,1890,3.25,2022
10693143,1891,3.5,2017
226224,1892,3.25,1999
1058962,1893,3.26,2007
14086308,1897,3.24,2019
10706580,1898,3.2,2017
531837,1903,3.55,1994
6906849,1908,3.29,2014
7961290,1911,3.92,1998
12647764,1915,3.23,2018
23829443,1916,3.24,2022
15021554,1918,3.23,2019
2941202,1927,3.36,2009
20746330,1928,3.23,2021
334658,1932,3.33,1996
12126148,1933,3.33,2018
23627867,1934,3.25,2022
26452811,1935,3.55,2023
183023,1938,3.23,1985
13666490,1941,3.76,2017
2881319,1945,3.23,1989
18950419,1946,3.24,2021
24593105,1950,3.42,2022
27413232,1952,3.23,2021
12865202,1954,3.23,1992
5595476,1956,3.25,2014
1115078,1957,3.53,2007
157304,1959,3.24,1998
4733367,1960,3.45,2013
15791417,1968,3.28,2018
27756549,1969,3.6,2022
7292633,1970,3.22,2011
26258042,1971,3.26,2023
23980022,1978,3.22,2021
26277842,1981,3.47,2022
2985897,1983,3.24,2011
449242,1986,3.24,2004
3248173,1988,3.34,2011
22605218,1990,3.25,2022
8476220,1991,3.27,1994
6402960,1993,3.38,2014
248450,1999,3.22,1985
28687825,2000,3.18,2023
8229833,2001,3.23,1999
3757946,2002,3.21,2009
15047904,2008,3.24,2020
23745029,2009,3.43,2020
19392577,2013,3.33,2021
15041038,2018,3.27,2019
22209427,2020,3.32,2021
27993795,2021,3.72,2014
23980022,2023,3.2,2022
820622,2032,3.53,2004
14389154,2036,3.31,2019
2876649,2039,3.29,2011
12891955,2043,3.3,2018
6319665,2056,3.23,2013
8050185,2063,3.26,2011
15857537,2065,3.23,2020
15528468,2067,3.23,2019
20442940,2070,3.22,2020
424127,2074,3.22,2005
17194588,2075,3.53,2020
8841976,2076,3.72,2016
19593823,2085,3.46,2019
16171256,2091,3.3,2020
721159,2093,3.21,2004
22079884,2101,3.45,2021
28966417,2115,3.22,2022
708650,2118,3.75,1995
10137301,2119,3.2,2017
27488703,2123,3.21,2023
1570874,2125,3.19,2008
13981256,2127,3.35,2019
20512999,2128,3.21,2020
4553682,2131,3.24,1990
3707443,2134,3.48,2021
10794226,2138,3.53,2012
9457751,2142,3.45,2015
12250408,2143,3.19,2012
4907248,2145,3.16,2013
13548874,2146,3.18,2018
225814,2147,3.17,1992
1213722,2149,3.17,2006
26187137,2150,3.39,2022
11303390,2153,3.27,2017
479844,2154,3.28,1992
2079186,2157,3.18,2023
202679,2159,3.48,2001
27650295,2161,3.21,2023
13594301,2163,3.18,2017
511446,2166,3.18,2002
11000442,2172,3.33,2023
7567149,2179,3.15,2015
2572415,2196,3.35,2010
2223549,2197,3.39,2010
20419087,2199,3.18,2019
1490931,2200,3.2,2008
17354392,2208,3.2,2021
383188,2210,3.5,1993
72030,2214,3.19,2000
28536448,2218,3.18,2021
1321965,2224,3.33,2008
15046642,2236,3.16,2011
13905992,2247,3.14,2017
319359,2255,3.27,1986
69513,2258,3.4,1996
15118808,2259,3.81,2018
6390951,2262,3.45,2018
7696689,2268,3.16,2015
14067348,2270,3.29,2016
18208396,2273,3.16,2021
6347712,2276,3.63,2009
18823471,2277,3.15,2021
13496127,2278,3.17,2018
23059967,2279,3.19,2020
26530556,2280,3.36,2022
11519379,2282,3.15,2018
1928936,2284,3.17,1987
654929,2286,3.26,1993
20705839,2288,3.14,2021
138048,2289,3.16,1989
13983203,2292,3.16,2011
1822079,2305,3.64,2009
22889300,2307,3.15,2022
27607452,2310,3.15,2021
17824621,2314,3.31,2021
19814902,2320,3.15,2021
24326453,2321,3.25,2022
9978119,2327,3.43,1998
27240960,2332,3.57,2022
16000043,2341,3.13,2020
28705126,2344,3.1,2023
10440150,2352,3.19,2016
8050185,2357,3.16,2009
15230254,2358,3.17,2020
9962402,2359,3.51,1998
13511488,2361,3.13,2018
3815253,2362,3.15,2011
917478,2363,3.15,2004
24811577,2370,3.14,2022
10403729,2373,3.41,1996
359853,2375,3.24,1993
27756528,2376,3.46,2020
28798549,2378,3.15,2023
3575581,2380,3.61,2001
13415882,2383,3.35,2018
19114657,2385,3.11,2016
5589137,2391,3.56,2012
23009183,2392,3.13,2022
585208,2394,3.12,1989
15258273,2395,3.71,2019
10595619,2400,3.17,2017
14045458,2407,3.12,2019
4963107,2410,3.89,2008
6445171,2412,3.39,1994
14597117,2416,3.12,2020
2243615,2422,3.33,2006
27388401,2427,3.27,2022
13475026,2435,3.5,2007
1639980,2441,3.37,1993
19101976,2444,3.07,2020
7685872,2445,3.08,2015
448748,2450,3.11,1998
23190866,2453,3.1,2020
14671216,2455,3.32,2019
8567575,2456,3.43,2014
9466958,2463,3.11,2011
11927368,2467,3.09,2018
264149,2469,3.42,2004
791499,2472,3.19,2004
27292566,2473,3.1,2022
1022835,2474,3.18,2023
12401425,2475,3.29,2018
4485724,2479,3.47,2013
7239220,2491,3.39,2015
16235621,2501,3.25,2020
586930,2502,3.51,2005
14419103,2504,3.08,2019
26967245,2505,3.12,2023
25599346,2506,3.09,2019
11482350,2508,3.14,2017
13580626,2516,3.32,1995
2065445,2517,3.09,2009
18820321,2518,3.08,2020
66179,2522,3.21,1998
26848160,2523,3.09,2018
19109785,2525,3.28,2021
23180168,2533,3.18,2021
9520034,2534,3.09,2016
8556556,2537,3.11,2015
8658348,2539,3.09,2016
1627530,2540,3.24,1991
1213717,2541,3.43,1992
27750612,2546,3.04,2023
12757005,2550,3.26,2015
2025245,2553,3.31,2006
8442690,2556,3.5,2015
13792285,2560,3.25,2019
8037782,2561,3.08,2016
3133659,2562,3.37,2011
10192831,2566,3.08,2015
15248644,2568,3.16,2018
6970285,2570,3.07,2015
11890234,2578,3.16,2017
997513,2579,3.24,2023
15456202,2584,3.07,2020
1340285,2588,3.33,2008
238866,2589,3.29,1993
19249399,2591,3.07,2020
22840223,2597,3.43,2017
28489084,2600,3.08,2023
12802331,2601,2.98,2004
395503,2603,3.53,2004
12222636,2607,3.06,2010
28714630,2616,3.09,2023
23610773,2617,3.19,2021
334710,2618,3.27,1999
393913,2619,3.07,1992
23642675,2620,3.18,2022
5507246,2621,3.05,2014
19122835,2622,3.0,2020
814146,2624,3.29,2006
5882826,2631,3.19,2014
10449315,2634,3.07,2014
2983049,2638,3.06,2011
12666899,2640,3.08,2018
18961552,2644,3.51,2020
19753,2651,3.06,1984
16246116,2652,3.01,2018
15956450,2656,3.18,2020
17654314,2661,3.08,2020
361912,2664,3.06,1994
9684943,2668,3.08,2016
393939,2671,3.05,1997
15442932,2672,3.58,2019
7305487,2674,3.1,2022
12861404,2677,3.05,2018
229204,2686,3.05,2003
228370,2691,3.61,1999
17766757,2693,3.16,2021
2690887,2696,3.38,1995
20793733,2698,3.5,2021
22197592,2699,3.65,2021
1272218,2702,3.27,2007
227199,2711,3.05,1986
5470557,2712,3.21,2013
15131647,2714,3.1,2019
13808374,2716,3.97,2017
6530302,2718,3.4,2001
20803480,2722,3.02,2021
26421392,2724,3.06,2019
2239585,2727,3.41,2008
14674418,2728,3.06,2020
19195288,2730,3.06,2021
319314,2731,3.02,1987
13911679,2735,3.05,2019
2419268,2736,3.51,2007
9616382,2738,3.07,2014
9655682,2739,3.19,2022
7757351,2744,3.6,2008
6082692,2751,2.98,2009
20793367,2754,3.28,2021
23331995,2755,3.34,2020
23942654,2764,3.23,2017
25566865,2765,3.27,2022
1546279,2766,3.1,2008
16801683,2767,3.29,2020
27746589,2769,3.38,2023
28685377,2775,3.24,2023
23425655,2779,3.22,2022
13488250,2780,3.28,2005
220653,2782,3.32,1990
4886261,2783,3.37,2013
11095386,2786,3.37,2014
22667699,2788,3.48,2020
27671517,2792,3.47,2022
15290627,2799,3.3,2020
16101900,2800,3.02,2015
997212,2801,3.02,2007
9362544,2805,3.66,2004
9902688,2809,3.15,2017
9630334,2810,3.74,2005
17211643,2813,3.22,2003
3185209,2818,3.0,2005
1415968,2819,3.43,2006
25476091,2820,3.49,2017
140312,2823,3.03,1999
14050737,2824,3.36,2019
4708754,2827,3.02,2013
2948033,2832,3.19,2011
23449508,2833,3.37,2021
27620130,2839,2.99,2019
28144366,2844,3.02,2012
17137425,2847,3.97,2017
17700181,2852,3.3,2021
27344109,2861,2.96,2023
22532270,2862,3.06,2021
3268370,2868,3.02,2011
1748709,2870,3.31,2009
19660510,2874,2.92,2020
13817510,2875,3.01,2018
27573111,2876,3.33,2023
140785,2884,3.14,1987
11708332,2885,3.24,2018
24068945,2887,3.01,2022
13349990,2891,4.08,2019
11851186,2894,3.35,2018
23888648,2900,3.81,2018
27552957,2902,2.98,2022
29021125,2903,2.98,2020
245705,2904,2.97,2003
483079,2905,3.14,2005
18390061,2907,2.95,2016
15366225,2908,3.07,2016
4483385,2911,3.77,2002
4083880,2914,3.55,1999
13723570,2915,2.99,2019
505956,2917,3.52,2000
24130619,2918,2.99,2021
26683160,2923,3.54,2022
1401914,2925,3.93,2007
20567968,2928,2.97,2019
16618092,2936,3.01,2020
21082204,2937,3.72,2016
28357222,2941,3.03,2021
454089,2949,3.39,1997
8291977,2950,3.61,1998
5117803,2951,3.57,2006
13374655,2956,3.13,2018
22514021,2957,3.18,2021
310452,2958,3.54,2001
16767975,2959,3.63,2019
14727315,2966,3.27,2020
26815940,2970,3.22,2021
23977988,2972,2.94,2021
15347487,2988,3.31,2017
802073,2995,3.45,1999
478811,3004,3.45,2001
8446430,3010,3.2,2015
13087301,3017,3.08,2019
18532549,3020,3.26,2019
21344812,3022,2.98,2021
5306139,3023,3.03,2013
1835228,3024,3.26,1989
1396487,3032,3.26,1998
8533581,3035,3.26,1994
12553115,3036,3.31,2017
738208,3046,3.48,2002
1440282,3049,3.61,2002
4772962,3058,3.88,2012
15828676,3060,2.99,2020
21382240,3061,3.19,2021
9751483,3064,2.92,2017
7706346,3070,2.97,2015
748558,3072,3.42,2005
22382566,3075,3.56,2019
28932358,3076,3.12,2023
8526825,3077,3.11,2016
20265673,3081,3.43,2020
5822514,3082,3.53,2010
7120147,3084,3.25,2015
9881434,3088,3.73,2016
27637440,3092,3.52,2022
38126,3094,3.37,1996
3020997,3096,2.95,2011
27812766,3099,3.17,2023
14452418,3100,3.27,2019
19727188,3102,3.27,2021
14539177,3103,2.92,2019
10266650,3107,2.92,2017
1577608,3110,3.28,2003
4168826,3114,3.75,2012
2059822,3116,3.31,2006
4491470,3120,3.4,2013
25940767,3121,3.5,2020
13496127,3128,3.4,2018
8172615,3131,3.1,2013
13648316,3133,2.94,2019
1107435,3135,2.91,2000
16119481,3136,2.95,2020
1290018,3137,2.93,2002
3629209,3144,2.89,2002
15026964,3145,2.88,2016
27241164,3150,3.04,2022
11716517,3156,2.91,2018
10070523,3158,3.48,2017
14326868,3161,3.05,2019
16319346,3162,2.96,2020
13117915,3166,2.92,2018
13254569,3171,2.93,2017
213632,3175,3.1,2002
12906564,3181,3.82,2018
839934,3184,3.43,1998
13786279,3185,2.9,2019
5520379,3189,3.36,1993
10195421,3191,3.53,1996
16294592,3196,3.3,2019
515177,3197,3.31,2002
16450383,3201,3.01,2019
1406710,3202,3.17,2005
1807922,3206,3.12,2008
26646029,3213,3.47,2022
16287790,3216,3.28,2021
4476276,3217,3.37,2013
16105917,3221,2.9,2020
1215571,3225,3.46,2008
1497176,3229,3.42,2003
14275792,3231,3.56,2014
14141946,3232,3.28,2019
4106328,3237,2.88,2012
22421218,3240,3.35,2017
802313,3241,3.33,2006
26124674,3244,3.32,2022
10182195,3250,3.33,2017
15029141,3252,3.42,1994
13876514,3253,3.53,2019
6692467,3254,2.87,2015
11975514,3257,3.15,2018
11977010,3264,2.92,2018
1905125,3267,3.25,1997
11577245,3269,3.38,2017
11207632,3271,3.88,2017
7035161,3276,3.35,2014
22674776,3277,3.55,2020
302126,3278,2.91,1993
2385335,3287,3.68,2000
21891226,3291,3.31,2020
27989805,3294,3.58,2020
15341413,3297,3.64,2010
27295779,3299,3.16,2021
19054936,3305,2.9,2020
764523,3306,3.58,2006
9022022,3307,3.53,2007
16578819,3311,2.87,2020
9289694,3312,2.88,2016
103379,3313,2.86,2018
15995752,3316,3.34,2022
24832577,3317,2.88,2022
24534281,3321,2.89,2022
2749196,3322,2.88,2009
11025828,3325,3.21,2014
22627451,3334,3.31,2022
4807713,3336,3.28,2013
3004326,3339,2.89,2011
4027998,3341,3.02,2012
10277093,3346,2.89,2016
21053104,3349,3.77,2004
13953461,3352,2.82,2018
10192767,3356,3.37,2022
27445764,3357,3.38,2023
14144868,3362,3.56,2019
15744530,3364,2.89,2019
13479479,3367,2.83,2018
21611749,3368,3.35,2021
19365487,3369,3.01,2021
14446433,3370,2.87,2019
13814726,3372,3.06,2019
15176047,3373,3.18,2012
3804258,3376,3.54,2009
7952312,3378,2.85,2016
11001761,3379,2.86,2017
24121475,3385,3.09,2022
25425040,3386,3.23,2022
101297,3391,2.86,1986
16059297,3392,3.25,2020
809507,3394,3.33,2006
15253405,3396,3.36,2018
5482930,3397,3.44,1999
23230631,3406,3.41,2021
24960409,3410,3.08,2022
10026044,3411,3.25,2016
28589770,3412,2.85,2023
21654718,3417,2.97,2021
23378402,3420,3.4,2021
4572305,3423,3.36,2008
6176670,3424,2.88,2014
27773808,3427,3.25,2023
5386739,3428,3.33,1999
21138277,3429,3.3,2021
9299403,3437,2.86,2016
11280585,3439,3.01,2017
10482776,3443,3.33,2015
13781108,3453,3.29,2019
14488471,3456,3.4,2019
21263611,3460,3.5,2021
515552,3463,3.13,2000
11818689,3468,3.65,2017
10049961,3469,3.47,2017
27208119,3475,3.64,2023
6911710,3477,3.16,2015
15726111,3481,3.52,2018
10415020,3484,3.46,1997
26122484,3486,3.12,2016
1832956,3489,3.54,1994
15896407,3492,3.13,2021
14036429,3494,3.3,2019
25986397,3495,3.36,2018
3031951,3502,3.23,2010
27189675,3506,3.48,2019
16100789,3509,3.08,2020
7288696,3510,3.32,2010
3758096,3512,3.6,1995
1717208,3518,2.86,2004
16158339,3523,3.38,2020
300559,3528,3.32,2002
10529503,3531,2.85,2015
11638585,3532,2.94,2018
28677166,3535,2.85,2023
4332986,3540,3.1,2013
780882,3541,3.25,2000
1283558,3542,3.12,2007
1407684,3543,3.29,2008
2178878,3544,3.09,2023
5696097,3547,3.89,2014
16732539,3549,3.13,2020
7806794,3563,3.57,1997
15802926,3565,2.78,2018
12339883,3569,3.38,2018
12618522,3571,2.8,2018
11350869,3572,2.85,2017
21420907,3573,2.83,2021
27360342,3576,3.51,2023
13216434,3578,3.04,2020
2518499,3579,3.27,2021
18956284,3583,3.54,2016
11702920,3588,2.78,2016
1370193,3594,3.51,1999
1372407,3595,3.53,2008
14374297,3596,3.57,2022
27480876,3600,2.82,2023
24813074,3606,3.49,2011
16856715,3608,3.68,2018
3336530,3611,2.89,2011
4463895,3612,2.83,2004
10561251,3613,3.26,2006
5166652,3618,3.23,2013
14197203,3619,3.58,2019
14422894,3626,3.29,2019
2888659,3632,3.21,2011
27095001,3635,2.83,2023
23588021,3638,3.55,2021
25110496,3646,2.83,2020
7536355,3654,3.37,2013
22261510,3661,2.82,2021
26531180,3670,2.86,2023
12289386,3672,3.25,2015
15178085,3676,3.26,2019
7599995,3679,3.4,2015
4744580,3682,2.94,2021
246634,3684,2.77,1997
6378775,3685,3.35,2001
249672,3686,3.56,2004
462200,3688,2.79,2012
15351085,3689,3.02,2020
260568,3691,3.35,1993
28456252,3694,2.81,2023
6263189,3697,3.2,2014
17607775,3699,3.31,1994
246729,3700,2.79,1987
21019651,3701,3.08,2021
26213459,3705,3.54,2022
12899084,3706,3.01,2018
27822864,3707,3.07,2023
15043203,3710,2.76,2020
12111611,3713,3.04,2018
14048075,3714,2.79,2018
7567087,3715,3.03,2015
17268733,3719,3.31,2017
954919,3720,3.46,2000
5187323,3722,3.11,2013
1185952,3723,3.14,2007
390749,3726,3.55,2004
17169070,3728,2.78,2021
14808344,3733,3.05,2019
640622,3734,3.13,2005
28209817,3738,3.44,2021
9269227,3743,3.3,2015
60201,3744,3.26,2002
10750346,3753,3.49,2016
10691170,3754,3.56,2016
7462420,3755,3.89,2014
15071754,3756,2.98,2020
20954668,3760,3.2,2021
838451,3762,3.47,2006
1709553,3763,2.78,2002
7738643,3772,3.49,2015
14316463,3773,3.5,2014
1544019,3784,3.53,1995
8895445,3787,3.42,2016
14858815,3788,3.48,2020
24760631,3789,2.77,2021
12159637,3790,3.02,2018
27797028,3791,3.16,2023
18178453,3796,3.7,2009
1937432,3799,2.76,2009
10016510,3801,3.06,2017
771494,3803,3.47,2001
3304529,3805,3.57,1997
12898902,3807,3.22,2018
6195184,3808,3.86,2012
5990526,3811,2.77,2014
8950006,3813,2.75,2016
15245202,3814,3.07,2019
12365104,3815,3.29,2014
2991185,3817,3.54,2009
9467480,3819,3.22,1993
1333247,3820,3.19,2008
27140232,3821,3.26,2022
795821,3823,2.75,2004
1019709,3824,3.5,2011
23715065,3825,2.87,2021
5747024,3826,3.37,2014
15534376,3827,3.53,2017
15504696,3830,2.68,2019
16069185,3832,2.78,2019
697857,3836,3.32,2006
9529965,3841,3.45,2012
13211809,3842,3.11,2022
6155228,3846,2.76,2014
626250,3849,3.13,2006
3354420,3850,3.27,2011
8888255,3854,3.3,2015
23444750,3855,3.39,2020
8499590,3862,2.99,2015
15995752,3863,3.31,2015
27353058,3870,3.18,2023
2642605,3872,3.72,2002
6212930,3876,4.06,2010
10170230,3879,2.74,1999
7731418,3881,3.12,2015
14718262,3885,2.77,2018
9520971,3889,3.66,2007
3859327,3891,3.02,2012
1798379,3894,3.37,2020
727454,3898,2.73,2002
6081882,3901,3.35,1996
527706,3902,3.46,1995
10268313,3904,3.53,2004
989259,3905,3.33,1992
417521,3913,3.5,2005
16101900,3920,2.74,2020
26613449,3922,3.07,2023
307822,3923,3.16,1998
20993047,3926,3.33,2013
26927489,3928,2.7,2022
11976941,3929,2.71,2017
11570945,3932,3.17,2018
22645841,3934,2.74,2022
4562853,3936,3.03,2012
22205884,3938,3.17,2019
21264067,3939,3.14,2021
744717,3940,3.28,2001
27226323,3941,3.46,2023
11265185,3943,3.97,2010
1114681,3944,3.11,2007
16186246,3946,3.49,2020
499550,3947,3.48,2005
26318249,3948,2.97,2021
23700695,3949,3.16,2015
5774703,3950,3.31,1999
15809442,3951,3.32,2020
20994310,3952,3.37,2018
20193007,3957,3.49,2020
16552173,3959,2.73,2020
23308082,3964,3.24,2021
3792790,3965,3.52,2006
9749377,3969,2.97,2006
663825,3980,3.27,1992
14546028,3985,3.25,2019
14891419,3989,3.01,2020
941200,3992,2.69,2007
16767525,3994,3.58,2019
19182142,3997,2.77,2021
14816669,3998,2.7,2023
15080548,4002,3.47,2020
17319382,4004,3.61,2004
26624051,4008,3.32,2015
12831278,4009,3.43,2017
1332508,4010,3.47,2008
20437174,4013,3.48,1997
26660411,4015,3.25,2022
26370998,4034,3.3,2022
9177324,4035,3.29,2009
11296315,4047,3.38,2017
10487989,4052,3.24,2016
2291920,4053,3.24,2010
21067708,4054,3.7,2021
6274840,4055,3.02,2022
13510457,4058,2.67,1999
26666642,4060,3.15,2023
28535095,4063,3.64,2023
16531233,4067,3.22,2020
128397,4071,2.86,1988
22280170,4078,3.54,2021
13356001,4079,2.68,2019
6681477,4080,2.69,2015
28857019,4083,3.2,2023
12896240,4085,3.0,2017
23027159,4088,3.36,2004
9479638,4089,3.08,2016
27019953,4090,3.28,2022
12486345,4094,3.08,2016
8578957,4101,3.63,2017
28594978,4103,3.22,2023
15772927,4104,2.71,2019
10658856,4105,2.71,2017
11189563,4106,2.7,2017
13277296,4109,3.4,2011
15393638,4113,3.16,2020
9885028,4117,3.37,2017
26737043,4120,3.06,2023
13424331,4121,2.67,2018
27387072,4122,2.68,2023
20122978,4123,3.13,2017
27123873,4126,3.39,2023
12092634,4133,3.2,2018
2479108,4135,3.29,2010
10648945,4139,3.22,2017
1733042,4141,3.34,2009
9508052,4145,3.67,2016
24333098,4147,2.69,2022
27844197,4151,3.2,2023
13722961,4152,3.08,2014
27626019,4155,3.52,2018
6292084,4156,3.58,2014
6681576,4157,3.62,2008
24276296,4163,3.28,2013
27835266,4166,2.7,2023
22581962,4173,3.21,2003
7101124,4175,3.51,2013
15060744,4181,3.49,2020
231612,4182,2.67,1996
21157708,4183,2.65,2021
22857593,4187,3.42,2022
24130928,4188,2.67,2022
3157419,4192,3.44,2011
13432405,4202,3.24,2018
26556236,4203,3.28,2023
24476642,4209,3.51,2022
8050185,4214,3.05,2011
16397802,4219,2.69,2020
10095265,4222,3.39,2014
202673,4223,3.44,1998
13343715,4229,2.84,2017
28316983,4234,2.96,2023
28057341,4235,2.65,2023
23525564,4236,2.86,2022
12361190,4245,3.25,2013
24656483,4253,3.31,2021
1524539,4255,3.53,2007
8007072,4258,2.58,2015
21512947,4259,2.84,2019
15504679,4264,2.61,2020
16030216,4266,3.3,2020
27942636,4268,3.2,2023
27489012,4271,3.25,2023
26913200,4273,3.44,2023
12465978,4276,3.53,2016
12453146,4282,3.03,2013
6893042,4284,3.49,2003
13019557,4285,3.68,2018
12643895,4287,2.56,1994
16371057,4288,2.83,2020
9840405,4290,2.56,2008
14698818,4291,2.64,2019
11741628,4292,3.09,2018
416101,4293,3.3,1992
23437034,4294,3.35,2021
9157140,4298,3.06,2015
3104137,4301,3.67,2006
3028141,4302,3.7,2004
74893,4318,3.33,1997
268202,4321,3.53,2001
4316521,4324,3.66,2010
10488014,4326,3.24,2016
12643772,4329,2.88,2016
3035995,4332,3.38,2011
6908450,4337,3.09,2015
15623855,4340,2.67,2015
27528018,4342,3.51,2023
1478579,4343,2.64,2008
1982141,4347,3.23,2009
6101766,4348,3.48,2021
8344715,4353,3.81,2016
102880,4354,2.67,1990
1882679,4356,2.83,2009
13781111,4360,3.5,2018
10173197,4363,2.9,2017
18013777,4365,2.63,2021
16163019,4374,3.4,2020
19055071,4385,2.77,2020
2664534,4387,3.38,2010
12062440,4390,3.19,2017
319759,4392,2.82,2000
2574032,4395,3.17,2009
26821082,4397,3.27,2023
13947544,4405,3.52,2017
16135352,4411,3.64,2019
4928848,4412,2.58,2012
13813914,4414,3.04,2017
13222789,4416,3.36,2019
19408309,4417,3.46,2021
12895228,4424,3.69,2015
2808381,4425,3.32,2011
4193318,4426,3.41,2013
26182370,4430,2.75,2023
13235485,4435,2.61,2018
9662614,4438,3.16,2016
15551786,4440,2.77,2019
26137901,4441,3.06,2022
28576105,4443,2.6,2023
372316,4444,3.55,2004
26949848,4466,3.22,2021
11732317,4467,3.24,2018
19854880,4471,2.95,2021
19482859,4474,2.82,2019
24942865,4479,3.53,2021
4916714,4480,2.61,2013
23208500,4482,3.01,2022
13479228,4483,3.11,2018
818928,4485,3.35,2005
496637,4490,3.64,2003
41241,4491,3.87,2007
12100259,4492,2.58,2017
17277649,4499,2.7,2021
11993534,4502,2.63,2018
9880762,4506,3.33,2017
3650578,4512,3.36,2011
3454986,4514,2.74,2012
3630423,4515,3.31,2012
10931437,4516,3.32,2011
1189622,4517,2.6,2019
23280614,4518,2.63,2016
14494559,4519,3.54,2020
28394626,4523,3.19,2023
636800,4524,3.34,2002
27652425,4525,3.39,2023
22008280,4530,3.29,2016
3690031,4532,2.54,2012
800978,4537,3.37,1995
14489276,4542,3.09,2019
12477133,4544,3.11,2017
20657299,4548,3.53,2023
27275013,4555,3.2,2023
16825353,4562,3.57,2020
3656013,4565,3.16,2006
3938731,4566,3.23,2012
4903552,4568,3.38,1995
16019776,4573,3.48,2019
4075789,4577,3.21,2012
475782,4578,3.3,1996
20738464,4579,2.87,2020
20830822,4582,3.32,2019
6512284,4583,3.55,2022
22676270,4586,3.22,2005
6438123,4589,3.38,2008
24740156,4601,3.43,2020
27269502,4602,3.63,2021
2048875,4607,3.29,2009
18462517,4610,2.91,2021
5722670,4611,3.16,2014
10242936,4617,3.58,2017
535133,4624,3.16,2023
14881093,4625,3.29,2019
2838018,4627,3.14,2011
8235873,4634,2.73,2016
466020,4636,3.53,2005
27883689,4639,3.51,2023
27641892,4646,3.58,2022
9159262,4650,3.15,1999
27811542,4651,3.4,2022
5828087,4654,3.6,2009
14358129,4655,2.82,2019
26636393,4656,3.32,2022
22848128,4661,2.59,2022
15319540,4662,2.55,2019
13014528,4663,3.4,2012
12633557,4669,3.15,2018
13902161,4672,2.72,2015
1868508,4673,2.79,2008
16577160,4680,2.99,2015
1973716,4681,3.3,2009
1598380,4682,3.38,2008
10746584,4683,3.41,2017
20568118,4690,2.57,2019
15948000,4692,3.39,2018
18048535,4695,2.78,2022
8537007,4699,3.12,2017
5530942,4700,3.7,2012
4279,4706,3.63,1997
12937321,4712,3.17,2008
13264557,4716,3.44,2013
2607921,4719,2.5,2009
14732606,4725,2.94,2019
18231979,4726,3.32,2021
7893916,4727,4.0,2012
20567602,4728,2.93,2018
1032953,4733,3.84,2014
21085252,4734,3.12,2020
20531989,4736,2.56,2021
3444295,4737,3.45,1995
533387,4738,3.47,1999
765726,4742,3.21,1994
8832042,4743,3.58,2015
15692219,4747,2.47,2020
822051,4748,3.57,2003
12320921,4749,3.55,2018
15238121,4751,2.57,2020
15411537,4755,3.39,2019
3578943,4756,3.41,2016
6419840,4757,3.68,2009
20978668,4758,3.28,2021
15984851,4763,2.57,2019
11306159,4766,3.45,2000
4151859,4769,3.71,1997
8894730,4776,2.53,2016
25852024,4777,2.79,2022
2197062,4781,3.03,2007
14772577,4783,3.24,2020
9520251,4791,3.18,2001
18237295,4793,3.36,2020
295390,4794,3.49,2004
19094386,4795,2.55,2012
1063402,4797,2.63,2015
14510290,4798,2.74,2019
21900076,4801,3.04,2022
10057736,4804,3.48,2013
20088964,4808,2.57,2021
23444804,4809,3.15,2020
13692321,4810,3.3,2022
16090171,4811,3.55,2020
28858750,4812,2.55,2023
26932979,4815,2.87,2023
27992154,4819,3.03,2018
798239,4822,3.44,1993
344659,4823,3.47,1991
3965477,4826,3.63,2012
475478,4834,3.55,1995
24318329,4837,3.24,2012
9862952,4839,3.58,2002
1186951,4841,2.54,1998
362501,4846,3.18,1993
11395575,4847,3.37,2014
19659376,4852,3.18,2021
21490261,4860,2.63,2021
8106514,4866,2.94,2016
20993791,4870,3.36,2013
22917011,4877,3.28,2021
20594107,4878,3.4,2021
9293459,4882,2.88,2016
13828882,4885,3.64,2019
13829301,4891,3.21,2019
904577,4892,2.86,2010
13419613,4898,3.57,2019
16861791,4899,3.95,2019
14324467,4900,2.52,2015
15317823,4904,3.37,2020
27672786,4905,3.53,2023
7184362,4909,2.52,2012
5936886,4911,3.15,2014
1974790,4915,2.83,2009
16046953,4916,2.97,2020
965479,4921,3.62,2006
28822147,4922,3.18,2023
13086656,4925,2.52,2017
63365,4929,3.0,2010
405985,4932,2.54,2002
1913536,4937,3.31,2009
12190261,4938,3.34,2018
1193503,4941,3.25,1995
9122122,4943,2.47,2003
15505098,4945,3.22,2017
10471906,4947,2.97,2015
15762149,4953,3.31,2019
11275870,4954,3.53,2017
10729965,4956,3.05,2001
26905748,4962,2.95,2023
12835819,4964,3.4,2011
28857361,4965,2.69,2023
23119862,4966,2.95,2021
5874060,4970,3.2,2014
11856904,4971,3.32,2018
4640182,4972,3.39,2011
17729317,4979,3.16,2019
1382006,4982,2.95,2006
172319,4983,3.17,1987
798244,4988,3.08,1989
17195947,4990,3.47,2020
19250659,4991,2.51,2021
22609715,4999,2.51,2018
700202,5001,3.27,1989
5910384,5004,3.31,2014
2475030,5009,2.98,2003
436850,5014,3.17,1992
333430,5017,2.87,2000
306154,5019,3.42,2003
5225771,5020,2.88,2013
19240243,5021,3.33,2019
1348078,5023,3.54,1998
26832137,5025,3.0,2022
486543,5026,3.61,1994
2998213,5028,3.43,2001
23821481,5029,3.47,2021
11466930,5032,3.53,2018
10412932,5033,2.47,2017
13531734,5034,2.5,2019
11768141,5037,2.98,2017
28646467,5040,3.21,2023
