14541297,8,4.07,10 October 1969
23290832,9,4.1,March 1961
549847,11,4.09,February 1971
18150907,12,4.05,January 1959
5923976,17,4.03,March 1960
170884,19,3.98,April 1964
532432,20,3.97,February 1966
20348707,23,3.96,August 1964
374527,24,3.99,1 September 1961
5067291,35,3.95,18 January 2004
2168277,36,3.95,1979
513736,45,3.94,October 1970
890817,56,3.91,1966
3696380,57,3.9,February 1977
9422431,68,3.87,23 September 2016
1699119,79,3.85,27 November 1972
1222074,82,3.88,August 1962
3549349,86,3.86,December 1954
12055788,88,3.81,1968
17159428,89,3.86,1955
10635874,101,3.85,May 1974
732591,103,3.83,July 1956
2694313,106,3.86,February 1976
21827842,108,3.84,October 1964
2785498,115,3.85,1973
119838,121,3.85,28 April 1998
5133248,122,3.83,May 1962
8777789,127,3.8,26 January 1998
1918240,129,3.83,May 1973
1442126,134,3.83,October 1967
5781364,138,3.84,1958
10359904,140,3.79,1976
2604648,143,3.83,October 1957
5806992,148,3.8,25 May 1979
875495,153,3.81,August 1962
1377840,159,3.81,15 May 1956
5186127,161,3.8,October 1956
1328155,165,3.81,18 March 2008
6487881,166,3.82,1956
7924662,176,3.79,2 June 2003
6265588,192,3.8,September 1964
466632,193,3.8,January 1967
2508028,205,3.8,May 1968
19583212,215,3.78,December 1962
4134181,216,3.79,July 1962
1471694,218,3.8,1957
4262911,223,3.78,1 July 1976
712232,230,3.79,September 1974
18728518,232,3.78,February 1961
11281183,245,3.78,1973
1241428,250,3.77,December 1959
1020318,252,3.78,September 1976
568171,255,3.76,1972
1630905,259,3.77,November 1977
16840773,266,3.76,April 1955
13610596,278,3.78,March 1965
9242511,283,3.78,1978
4834811,287,3.77,May 1969
1763330,293,3.76,1965
435320,294,3.73,5 July 1972
14115785,299,3.76,8 June 1999
4952581,314,3.74,21 July 1978
3144311,325,3.75,1979
21793528,331,3.73,1981
22555913,335,3.75,1954
19008733,341,3.75,January 1968
665526,343,3.75,1986
13813020,344,3.76,July 1961
2277717,352,3.75,February 1958
14130525,363,3.74,January 1964
1026812,364,3.72,1966
760428,366,3.74,1989
11705183,368,3.74,1975
1445395,369,3.74,March 1977
5267783,375,3.74,November 1959
1270551,377,3.73,February 1964
952433,391,3.73,1974
13613129,395,3.76,1976
609586,399,3.74,March 1998
2132144,401,3.72,11 April 1960
1523619,403,3.73,1959
481005,411,3.73,1974
822491,415,3.73,1967
1186962,427,3.73,November 1959
845521,428,3.73,November 1962
2017372,430,3.72,April 1983
2138488,435,3.73,August 1974
969390,441,3.73,1958
6230857,442,3.72,25 February 1976
14216796,448,3.71,1964
1773855,450,3.69,February 1966
604647,461,3.69,1981
17159428,463,3.72,1955
26681327,466,3.74,February 1966
11237218,470,3.73,1960
22910555,477,3.72,February 1960
2884216,482,3.71,1955
2718052,491,3.71,September 1976
4830875,493,3.71,1 September 1997
685529,497,3.73,1966
2362528,502,3.71,1 September 1961
2392804,511,3.72,August 1967
1291688,514,3.72,July 1972
3153518,516,3.7,November 1971
2199198,518,3.69,1959
1902929,521,3.72,15 September 1998
2361151,523,3.7,June 1947
13729994,525,3.69,10 April 1974
1885707,539,3.7,September 1973
2018290,541,3.66,5 March 1956
27428409,545,3.67,2 June 2023
1907901,548,3.69,December 1962
3196076,550,3.7,June 1954
24577814,551,3.69,June 1963
2780559,553,3.68,1967
1102250,558,3.72,September 1959
15919839,560,3.69,15 October 2002
6119080,565,3.71,1966
2096624,566,3.69,January 1957
2659391,570,3.67,February 1968
1293752,572,3.69,1989
2768209,574,3.67,March 1967
5725699,592,3.69,16 September 1997
19289029,594,3.7,August 1965
7091281,606,3.69,1963
12596075,608,3.7,25 March 2002
6265588,610,3.69,April 1967
648913,623,3.67,1972
243232,633,3.68,7 June 2011
1248497,634,3.69,July 1960
1199919,646,3.69,2006
1216069,649,3.68,2 February 2004
461152,654,3.67,April 1976
4328443,655,3.68,1973
2000393,657,3.65,January 1958
437567,667,3.68,May 1967
23579624,668,3.68,January 1964
228202,670,3.66,July 1971
263035,671,3.67,1975
12055788,682,3.65,1973
4952581,700,3.66,1978
1593314,704,3.64,1 December 1977
7910012,710,3.67,16 December 1994
504853,711,3.64,1992
1802935,712,3.67,December 1968
23225315,713,3.7,June 1957
13087269,717,3.66,25 October 2017
16274838,718,3.67,March 1957
7763516,722,3.65,22 September 2003
2575472,724,3.66,March 1957
2313263,732,3.66,November 1961
9072898,735,3.63,4 November 2016
1149223,739,3.63,1969
968978,740,3.64,October 1975
11985745,742,3.65,24 January 2005
371529,759,3.64,September 1983
7003822,765,3.64,18 March 2013
6119080,769,3.64,1965
13247130,778,3.66,1973
2253619,784,3.65,1971
7467736,787,3.62,July 1981
2413972,812,3.65,1959
1216097,813,3.65,25 August 2006
4295993,817,3.65,1963
5469720,819,3.65,June 1999
1081900,820,3.64,November 1961
20695597,831,3.64,1963
12829295,836,3.64,28 January 2003
3263579,844,3.64,January 1959
1939236,845,3.62,2007
17705281,851,3.63,October 1958
5142713,853,3.66,1954
3585455,857,3.64,1980
932779,859,3.64,1973
1976272,868,3.62,June 1971
6498457,871,3.63,1953
649498,872,3.63,8 March 2006
977687,876,3.64,February 1974
357897,880,3.62,7 September 2004
16239599,881,3.63,October 1970
2522163,886,3.63,November 1975
3019674,891,3.62,16 June 1998
861733,895,3.62,November 1966
2724723,910,3.63,1953
1593314,918,3.62,1977
5828722,919,3.62,11 August 1998
1360383,925,3.62,1972
724525,939,3.62,1956
1651841,940,3.62,13 April 1987
2862131,942,3.6,1965
8094522,944,3.61,1974
22963934,945,3.6,November 1959
18150907,957,3.61,June 1957
1940680,960,3.61,10 December 1981
530606,1007,3.57,1965
1672674,1010,3.59,1984
2936326,1012,3.6,1960
7699199,1014,3.61,19 October 2008
22963934,1016,3.58,November 1958
4115931,1019,3.59,1977
5674165,1032,3.67,January 1955
492842,1042,3.59,1965
2429717,1050,3.58,1966
1243539,1057,3.62,June 1973
530606,1060,3.57,1966
1257682,1069,3.61,1970
2600309,1076,3.57,1965
10094003,1080,3.52,22 September 2016
1174266,1083,3.56,July 1964
13657137,1090,3.63,January 1962
1860007,1092,3.57,23 March 1983
1504041,1094,3.74,October 1957
4107547,1097,3.56,1993
1509298,1098,3.56,24 March 2012
25242238,1099,3.57,September 1975
1357079,1102,3.74,September 1965
407469,1103,3.56,27 March 2001
3265913,1107,3.57,1972
21299908,1110,3.65,April 1961
8041254,1115,3.57,9 November 2015
5311849,1116,3.67,10 January 2007
9405949,1120,3.55,March 1957
1286701,1121,3.56,June 1971
2703834,1126,3.64,September 1960
3181861,1136,3.56,September 1961
1487476,1145,3.56,1971
1266037,1146,3.55,20 November 2007
605327,1147,3.57,9 April 2002
6119080,1148,3.56,1967
1881871,1154,3.57,1955
3747813,1161,3.66,October 1965
4433488,1171,3.56,August 1956
363301,1173,3.55,1973
470790,1174,3.63,February 1979
858871,1179,3.56,1980
19270828,1180,3.53,February 1963
1428681,1182,3.59,1970
1056738,1192,3.55,June 1964
17517319,1216,3.57,29 January 2021
14647057,1218,3.54,1952
374649,1223,3.53,April 1973
17166241,1226,3.55,August 1959
733924,1229,3.54,January 1970
6018519,1240,3.61,25 June 2014
2502786,1251,3.7,2 November 1953
16419225,1262,3.69,1952
372767,1264,3.54,May 1957
496668,1267,3.53,1974
9282972,1271,3.53,1977
3867465,1272,3.54,October 1963
10557485,1283,3.52,August 1972
9405949,1296,3.52,1957
5463367,1300,3.51,27 January 2014
13873231,1301,3.52,23 June 2009
15035753,1306,3.52,13 March 2020
5283854,1313,3.68,1973
28140613,1314,3.68,July 1965
1117674,1316,3.5,18 January 1975
6795239,1325,3.51,May 1975
27399348,1332,3.52,16 June 2023
7091281,1336,3.5,10 May 1969
628318,1339,3.52,24 January 1972
1232382,1342,3.48,1989
437586,1346,3.61,22 November 1970
516105,1353,3.49,1969
1840580,1354,3.51,1975
8012885,1358,3.51,March 1979
12676975,1359,3.49,12 October 2018
2143125,1363,3.69,1972
318563,1366,3.48,October 1992
567712,1376,3.58,July 1974
3817267,1381,3.48,24 June 2012
10601451,1387,3.49,17 May 2017
5420100,1388,3.49,1980
4467365,1392,3.49,1975
1592840,1393,3.67,1960
4679793,1400,3.61,1958
877863,1401,3.62,12 March 1971
1042462,1404,3.49,1963
10136925,1407,3.74,1997
4556696,1409,3.69,November 1961
8199328,1411,3.46,4 March 2016
14752384,1413,3.48,31 January 2020
2599279,1419,3.55,1956
444376,1420,3.61,1974
5494668,1426,3.49,May 1962
4157795,1430,3.47,October 1957
7091281,1431,3.48,18 June 1966
1705732,1435,3.79,1973
10384468,1437,3.48,31 March 2017
697920,1440,3.48,1 August 1981
10320961,1441,3.49,26 May 2017
21310516,1447,3.48,7 May 2021
411943,1448,3.48,21 May 2002
23752934,1450,3.48,17 June 2022
1311521,1457,3.46,1972
25036366,1459,3.48,4 November 2022
2115100,1460,3.47,28 July 2009
16238390,1469,3.59,20 November 2020
13975933,1479,3.46,18 September 2015
26175866,1483,3.45,24 February 2023
8159970,1487,3.47,October 1962
5448367,1493,3.55,November 1976
3190779,1498,3.46,10 November 2011
1656236,1500,3.6,November 1980
1741973,1501,3.72,18 February 1992
6910820,1502,3.46,18 April 2015
481865,1506,3.46,1968
758787,1516,3.79,1957
2707017,1517,3.62,1975
423817,1519,3.45,23 June 1998
19824292,1523,3.47,6 August 2021
5768829,1525,3.45,16 August 2013
6940610,1534,3.44,1974
2398576,1545,3.55,19 July 2010
556007,1551,3.46,April 1971
12380908,1552,3.53,28 August 2012
6550607,1553,3.48,22 February 1990
3163018,1554,3.73,March 1967
1605936,1555,3.87,1971
371621,1556,3.4,26 February 2002
2455010,1561,3.55,1965
23172488,1563,3.71,August 1956
4201897,1572,3.44,1958
8591862,1577,3.43,27 May 2016
9614701,1583,3.44,23 September 2016
6358578,1584,3.43,21 September 1957
639802,1591,3.64,1959
5080914,1592,3.63,July 1971
2547043,1593,3.7,18 February 2009
345404,1603,3.41,6 March 1989
2005161,1606,3.48,1977
2075127,1607,3.44,July 1959
12530518,1616,3.87,2018
1488156,1623,3.42,April 1956
13615981,1629,3.42,18 October 2018
10025196,1635,3.41,27 February 2017
5844618,1639,3.42,1971
19804045,1642,3.42,30 April 2021
13379392,1646,3.41,1 April 2016
10962085,1651,3.42,6 October 2017
1172696,1658,3.66,September 1984
826802,1664,3.74,1961
991302,1674,3.44,1967
8353944,1676,3.47,3 February 2016
1374978,1677,3.66,February 1957
3632442,1683,3.55,1975
6290126,1685,3.48,March 1965
25112611,1688,3.38,29 July 2022
5624651,1689,3.68,1959
9770889,1692,3.41,November 1976
1064011,1693,3.4,November 1976
1274376,1695,3.39,1994
13975933,1703,3.4,22 March 2019
7520477,1704,3.41,15 July 2015
1253019,1710,3.63,24 April 2005
825017,1713,3.68,November 2005
816406,1717,3.42,November 1962
5008218,1718,3.4,27 September 2013
1339586,1725,3.4,1968
15213830,1727,3.6,1978
7607222,1733,3.44,17 November 2008
24909812,1738,3.38,21 October 2022
4867259,1740,3.39,2 September 2013
1151323,1743,3.9,1997
681902,1744,3.57,24 October 2000
2721921,1751,3.39,June 1957
2507612,1756,3.39,11 October 2010
362992,1760,3.5,October 1999
2673890,1762,3.38,1981
3660832,1763,3.51,September 1974
1847188,1765,3.65,July 1976
1218460,1768,3.7,1977
9349027,1771,3.38,1976
3414443,1772,3.61,1958
1221504,1776,3.53,1971
14795434,1786,3.39,14 February 2020
6653420,1788,3.47,1991
10352980,1791,3.39,2 June 2017
1574872,1793,3.58,1992
1255725,1798,3.53,1987
15169301,1802,3.39,20 March 2020
1291688,1810,3.6,1963
2167802,1813,3.68,September 1964
13641413,1823,3.44,17 May 2019
323657,1825,3.34,1995
3053935,1828,3.54,November 1967
1451172,1829,3.36,1965
1086828,1834,3.59,March 1978
1718179,1835,3.34,24 March 2000
2376685,1841,3.63,1955
19280914,1849,3.36,25 June 2021
15288825,1853,3.55,1973
2146148,1865,3.56,February 1962
1216035,1866,3.68,11 March 2002
8427988,1873,3.51,1959
8164960,1887,3.58,1980
264026,1889,3.33,February 1993
11112162,1891,3.46,15 January 2019
10122760,1892,3.49,12 March 1996
942182,1894,3.62,June 1956
161590,1896,3.82,April 1971
1636942,1899,3.53,1981
1441963,1905,3.34,24 May 2005
5680567,1906,3.38,9 May 2014
17374618,1913,3.35,5 February 2021
2474017,1916,3.58,5 October 2010
2685523,1923,3.81,1960
1319311,1929,3.33,14 June 1988
383964,1935,3.68,April 1993
1719450,1942,3.57,1969
2304380,1944,3.71,7 March 2010
21310516,1946,3.33,2 February 2021
15929888,1948,3.43,1945
8835801,1954,3.33,November 1964
26824754,1955,3.59,19 October 1993
4984604,1956,3.62,20 August 2013
1075957,1973,3.28,20 September 1994
21039862,1976,3.7,August 1957
4574391,1979,3.53,21 May 2013
593930,1984,3.33,1990
1973226,1985,3.6,1976
22713986,1986,3.31,1 April 2022
1844811,1994,3.31,11 April 1987
2556158,1996,3.3,1979
1248517,2000,3.62,November 1967
10340958,2009,3.65,2007
25504444,2013,3.64,1955
3303776,2016,3.28,1958
14804400,2017,3.31,14 February 2020
4512017,2023,3.4,2007
21927124,2024,3.65,1986
1580609,2025,3.54,17 July 2007
1767458,2028,3.71,1969
12549889,2035,3.3,17 March 2023
14752006,2041,3.58,29 March 1994
15966651,2045,3.66,May 1958
1809160,2048,3.59,August 1973
1376487,2055,3.56,July 1971
1456127,2057,3.44,1961
1545671,2058,3.61,May 1973
447590,2075,3.65,1 April 1987
3977225,2080,3.74,1962
18673987,2081,3.36,14 February 2012
1349223,2084,3.55,22 February 2008
3970694,2086,3.51,4 October 2005
1593148,2087,3.54,1987
2337243,2098,3.51,1957
6707604,2101,3.38,9 March 2015
1462986,2103,3.72,1995
470844,2104,3.25,March 1961
26757446,2105,3.27,14 April 2023
6307715,2109,3.25,7 June 2019
956647,2126,3.77,1992
2026999,2130,3.26,1965
1075570,2132,3.62,7 August 2006
959022,2136,3.63,26 September 2006
12753115,2137,3.43,1 December 1970
23699372,2140,3.36,27 May 2022
2132011,2141,3.75,1956
1496218,2143,3.52,19 August 2008
1000427,2144,3.58,12 April 1976
24577814,2148,3.67,1958
4693053,2150,3.51,1976
1772829,2153,3.47,7 November 2006
1045909,2156,3.63,1978
18673987,2157,3.64,August 2003
2908095,2161,3.51,September 1972
318563,2167,3.56,10 January 2013
20484997,2169,3.24,10 January 2020
11610289,2170,3.4,23 February 2018
5146931,2171,3.21,17 September 2011
2608560,2174,3.45,October 1957
75546,2194,3.35,10 August 1999
4824865,2195,3.62,17 March 1997
3375221,2196,3.84,1968
2089266,2201,3.58,1965
10912734,2203,3.41,1 December 2017
1327326,2206,3.65,1996
21304975,2218,3.62,1955
7024249,2220,3.81,9 March 1994
2264858,2224,3.74,1992
985349,2226,3.51,1967
1650628,2227,3.67,1976
2594846,2229,3.65,September 2010
27383931,2234,3.49,8 November 2019
264026,2236,3.5,1984
7069000,2239,3.47,1966
11256032,2248,3.23,October 1953
12982230,2252,3.33,9 November 2018
5581318,2253,3.64,May 1977
11282269,2264,3.53,2017
1294388,2272,3.53,1996
4803310,2276,3.86,nan
1201895,2294,3.84,1990
1456922,2296,3.41,23 November 2004
1793619,2297,3.44,5 May 2009
4127346,2304,3.47,1971
2456205,2308,3.59,1979
1038746,2309,3.62,21 September 1977
3819849,2310,3.73,1965
3211547,2311,3.2,November 1969
1089582,2314,3.67,1982
2917776,2326,3.79,May 1973
890426,2329,3.54,June 2005
21209464,2333,3.7,17 December 2021
8408773,2342,3.62,October 1958
2724916,2344,3.17,4 March 2008
810872,2345,3.59,1973
954861,2348,3.62,June 1954
1221504,2354,3.53,1971
23545355,2356,3.31,1990
20728903,2360,3.72,1968
15664740,2364,3.38,19 June 2020
969390,2371,3.68,1961
1800176,2377,3.63,1981
14871882,2382,3.54,2003
465635,2385,3.33,24 August 1999
2067382,2387,3.59,1990
7816687,2390,3.7,1961
21213772,2395,3.58,8 October 2021
2444700,2397,3.35,29 June 2010
3090087,2399,3.48,29 November 2002
1815495,2401,3.41,September 1982
4232553,2403,3.41,22 January 2013
457795,2407,3.14,24 August 1999
25034245,2409,3.68,31 August 2022
2684321,2411,3.59,1971
531762,2415,3.45,1955
533897,2427,3.61,25 March 2003
18838780,2429,3.56,7 May 2021
6127616,2432,3.79,1971
3610215,2436,3.63,February 1969
827708,2440,3.74,November 1976
1365401,2442,3.52,April 1981
1175923,2444,3.62,1984
18412663,2446,3.4,30 April 2021
4061872,2451,3.69,1963
14187040,2457,3.66,4 October 2019
11862405,2459,3.46,2001
707597,2466,3.5,March 2006
7612404,2469,3.26,30 October 2015
3489444,2487,3.39,1976
5664475,2491,3.86,1953
12126120,2492,3.23,15 June 2018
2222521,2493,3.39,November 1969
1154120,2498,3.39,21 September 1999
1148566,2499,3.44,May 1982
7361158,2503,3.54,21 August 2015
510187,2506,3.21,1992
14704117,2508,3.78,1968
766244,2510,3.49,1974
1165587,2511,3.57,1988
2620937,2513,3.56,1957
969390,2514,3.81,1977
711781,2525,3.41,18 June 1962
11900528,2527,3.48,25 March 2018
1804232,2530,3.42,1976
899466,2531,3.51,1971
1181909,2532,3.57,January 1983
566275,2533,3.27,June 1961
857420,2534,3.66,1993
1156645,2538,3.53,1951
3863267,2547,3.65,August 1960
9569195,2549,3.59,17 May 2011
3949207,2552,3.68,1963
13205430,2556,3.51,4 November 2015
1089613,2561,3.73,1983
2966397,2567,3.28,19 March 1962
819465,2582,3.42,May 1980
1257367,2590,3.74,1981
3062434,2601,3.61,1979
1189268,2606,3.72,1977
12038715,2607,3.3,25 May 2018
22192822,2609,3.56,December 1968
4806092,2611,3.39,23 April 2013
2787070,2612,3.45,1 November 1971
2584968,2613,3.43,1982
6144727,2615,3.41,1996
9708573,2621,3.51,20 January 2017
3496334,2623,3.49,28 February 2012
1895458,2627,3.58,28 October 2008
3747573,2630,3.79,March 1993
4947919,2634,3.42,1975
1583201,2641,3.51,1978
2403541,2643,3.77,1 July 2009
497305,2644,3.46,August 1972
1494495,2646,3.64,1963
22606376,2660,3.44,11 February 2022
473360,2663,3.53,2 October 2001
3551883,2681,3.71,March 1962
472404,2682,3.16,8 August 1989
460574,2683,3.57,2004
429935,2691,3.69,April 1974
4354624,2694,3.65,1956
7057874,2695,3.72,22 May 2015
1022860,2699,3.26,1999
11897241,2700,3.65,1965
402080,2703,3.37,August 1971
3109015,2704,3.36,16 April 2010
19558030,2706,3.64,21 May 2008
1675893,2716,3.71,1966
6032423,2721,3.7,1962
3210305,2723,3.71,February 1963
779297,2728,3.48,June 1976
4006575,2729,3.78,1962
3752009,2731,3.48,2012
4811879,2737,3.46,20 March 2020
2595663,2739,3.65,1972
11868733,2741,3.56,30 April 2018
4238825,2743,3.66,April 1961
8290516,2748,3.43,18 March 2016
2426746,2749,3.68,1988
2737872,2763,3.49,1 August 2000
10025196,2776,3.49,12 November 2015
11096216,2777,3.42,20 October 2017
394710,2779,3.69,June 1972
3560631,2785,3.19,1955
1232362,2795,3.69,1981
8411056,2805,3.51,1969
3773974,2809,3.62,June 1956
7986962,2811,3.8,1989
9033736,2817,3.52,1998
512383,2818,3.54,1978
1567920,2819,3.34,September 1982
7758282,2820,3.61,1970
12015333,2827,3.0,29 April 1977
2326097,2828,3.55,1981
6517137,2830,3.49,10 September 1982
5324392,2831,3.6,1973
21744346,2839,3.38,21 January 2022
931749,2841,3.44,October 1974
2193814,2845,3.34,14 October 2008
2244855,2847,3.0,1977
1689812,2849,3.51,November 1976
22555913,2850,3.57,November 1957
6431515,2851,3.79,March 1960
1024692,2857,3.62,2004
817407,2858,3.62,June 2008
350858,2861,3.45,27 July 2004
28194478,2864,3.58,31 July 2012
1350770,2867,3.57,1959
2905063,2868,3.43,16 December 1982
1711960,2872,3.64,2004
3754704,2873,3.54,November 1944
15314092,2881,3.53,22 May 2020
3368382,2882,3.87,1959
20857147,2884,3.55,29 October 2021
2703204,2885,3.64,September 1974
23591396,2887,3.33,18 March 2022
4207363,2888,3.5,16 January 2013
2966397,2889,3.68,1959
3076047,2902,3.81,1958
3621297,2906,3.67,August 1959
832474,2911,3.57,2001
12844725,2914,3.46,1971
6119080,2918,3.3,1970
544208,2921,3.28,November 1977
2621384,2926,3.63,1959
512743,2928,3.54,8 February 2000
522285,2938,3.58,May 2005
10774344,2939,3.64,29 April 2022
10139384,2940,3.44,2017
10839258,2947,3.53,21 March 1987
6588134,2954,2.94,3 February 2015
21044632,2959,3.8,1972
1249120,2962,3.66,August 1960
1223176,2964,3.63,2002
2054367,2967,3.84,1981
1779892,2975,3.38,1981
16527318,2980,3.62,1994
537020,2985,3.6,25 November 2003
705341,2996,3.57,April 1944
3068641,2999,3.59,1964
4610195,3000,3.6,21 October 1991
6921885,3004,2.99,1 March 2012
11322328,3006,3.51,17 November 2017
14457597,3009,3.48,21 January 1979
15664740,3016,3.33,2 April 2021
15664740,3018,3.46,23 October 2020
1088395,3019,3.59,May 1957
1686648,3026,3.61,1991
6265588,3029,3.78,August 1966
2652139,3033,3.66,9 June 2009
6444780,3037,3.39,2007
1024336,3038,3.55,1973
14163018,3039,3.6,4 October 2019
1226456,3044,3.32,September 1982
24653423,3045,3.45,11 November 2021
13957591,3048,3.47,October 1973
978979,3049,3.56,27 September 1993
8481185,3058,3.57,10 September 2002
1105342,3065,3.3,1 August 1983
1499533,3066,3.53,1961
887059,3068,3.34,2003
2960235,3076,3.3,5 April 2011
18198172,3079,3.58,16 April 2021
3469344,3081,3.63,1985
6355490,3085,3.02,28 November 2014
3773974,3088,3.68,April 1966
488839,3093,3.31,1972
618992,3095,3.39,25 April 2005
1257820,3096,3.45,1971
2872662,3097,3.5,1974
25868230,3113,3.44,27 January 2023
3678635,3115,3.76,1975
2419024,3117,3.69,15 January 1991
969390,3123,3.21,March 1955
2953974,3124,3.26,14 June 2011
680809,3132,3.56,26 February 2001
1291688,3133,3.68,1994
3576327,3141,3.65,1966
4590406,3144,3.84,April 1978
9554202,3160,3.64,May 2015
2385675,3161,3.74,1976
14525508,3168,3.49,1987
4142228,3169,3.56,1957
5629168,3170,3.61,1978
3819849,3171,3.62,1967
11610234,3173,3.3,2007
2545176,3174,3.48,13 February 2007
388405,3193,3.6,July 1977
4544848,3196,3.67,28 September 2005
6905428,3203,3.44,18 April 2015
804724,3205,3.6,1969
2512629,3209,3.55,1981
2060126,3211,3.83,July 1962
26451149,3212,3.65,October 1961
13874437,3214,3.55,1978
5106833,3222,3.73,1999
4929668,3225,3.56,1971
2636562,3230,3.74,May 1962
4238391,3234,3.55,1975
13090536,3235,3.62,28 May 2021
12198472,3236,3.62,29 June 2018
1578468,3241,3.52,November 1962
744522,3251,3.57,February 1961
2387268,3253,3.67,November 1957
3336838,3254,3.67,23 June 1998
2603634,3258,3.28,16 March 1964
2752881,3259,3.34,6 June 1994
1177326,3262,3.58,1977
1291688,3266,3.62,1953
3228955,3267,3.68,1956
800142,3268,3.3,26 September 1995
14492175,3273,3.42,6 December 2019
957435,3277,3.47,November 2006
3508603,3278,3.49,30 March 2012
1766593,3294,3.37,1975
1038599,3295,3.55,25 January 2008
12081437,3296,3.21,14 February 2012
1175978,3297,3.31,1975
3107299,3298,3.5,19 July 2010
3255464,3308,3.77,February 2006
1141367,3319,3.77,1973
11207632,3321,3.37,November 1966
4001562,3329,3.44,1984
2435300,3333,3.63,October 1964
6265588,3337,3.33,May 1966
18101665,3345,3.64,1988
15776222,3346,3.32,7 August 2020
20453305,3349,3.58,25 June 1979
2756053,3350,3.67,1984
2481893,3351,3.84,October 1978
1332239,3352,3.36,19 November 1991
1607515,3353,3.43,1951
2502589,3354,3.58,27 July 2010
771677,3357,3.25,May 1969
1904494,3366,3.52,1983
719713,3368,3.77,March 2021
2137201,3372,3.59,August 1995
23532182,3374,3.65,18 March 2022
1180757,3378,3.47,1974
16104193,3383,3.7,25 September 2015
2173785,3388,3.69,1976
1114171,3394,3.58,7 March 2007
1955083,3401,3.69,1975
1538222,3402,3.47,1963
10492942,3407,3.49,1976
8534979,3411,3.54,21 June 1988
1763599,3413,3.52,17 September 2008
636526,3417,3.7,December 1959
1246963,3420,3.57,1975
2016433,3422,3.56,1973
1376047,3424,3.38,July 1961
3295708,3427,3.52,1976
2843124,3429,3.57,1962
435460,3432,3.52,1970
6688406,3434,3.69,July 1979
416178,3435,2.83,September 1962
2749983,3436,3.68,1962
6549443,3439,3.3,6 March 2006
4653471,3440,3.56,January 2005
2212290,3442,3.64,May 1959
3747766,3445,3.48,21 July 1998
584880,3447,3.68,22 June 2005
9140900,3449,3.44,1974
1529275,3452,3.6,26 September 1995
8544553,3453,2.79,20 May 2016
3025939,3461,3.48,1983
12472499,3463,3.42,10 May 2018
2840680,3467,3.6,12 August 1991
1210796,3474,3.78,July 1976
5129356,3484,3.54,3 March 2005
7953573,3485,3.49,22 March 1996
3474216,3490,3.52,1960
1274063,3492,3.66,1984
1919159,3500,3.51,16 June 2009
7131390,3502,3.4,17 September 2013
3154254,3509,3.66,1990
1565047,3514,3.36,March 1979
15970161,3515,3.44,1996
3166851,3530,3.58,2002
54646,3531,3.63,1999
1298353,3540,3.28,8 February 2005
2363426,3542,3.6,1960
369506,3547,3.08,1954
14923477,3548,3.52,16 June 2018
458114,3557,3.44,1993
7016126,3558,3.68,1960
5620693,3561,3.73,1971
1038746,3570,3.56,1956
1219220,3573,3.45,22 January 2002
4244458,3574,3.68,September 1954
1220163,3578,3.61,1973
1876193,3591,3.5,1982
1685915,3593,3.29,19 November 1996
1647547,3594,3.49,1975
510098,3595,3.49,9 November 1999
910451,3599,3.37,September 1976
2072521,3602,3.55,1968
681594,3605,3.7,1998
14943468,3606,3.16,13 March 2020
11440426,3607,3.21,19 January 2018
10040018,3609,3.57,1975
2525769,3614,3.91,1976
2534755,3621,3.75,1974
3366337,3623,3.59,June 1956
1217764,3627,3.33,1970
1239980,3629,3.61,1987
605473,3631,3.56,1979
644574,3632,3.63,16 September 2009
6805073,3634,3.36,10 March 2015
2990334,3645,3.71,1988
2362862,3649,3.57,1989
8704498,3651,3.25,27 November 2015
5755608,3652,3.28,1958
1936700,3653,3.53,1962
22489880,3655,3.72,20 November 2020
2456205,3659,3.57,1983
5561271,3663,3.24,21 January 2014
12904173,3668,3.47,16 November 2018
2197998,3671,3.57,1989
10084470,3676,3.48,31 March 2017
17829127,3682,3.36,26 March 2021
8064876,3683,3.48,29 January 2016
4229658,3684,3.5,20 November 2006
171213,3711,3.64,28 June 1999
798252,3712,3.66,1996
4524601,3713,3.28,29 January 2008
2162427,3715,3.36,16 May 2017
5614186,3716,3.44,29 April 2014
4239109,3723,3.65,1956
1457644,3726,3.68,23 July 2013
9832249,3727,3.73,21 April 1992
773277,3731,3.27,1971
1196262,3739,3.71,2003
2735613,3745,3.74,18 August 1998
831214,3747,3.29,March 1975
533631,3748,3.4,11 February 2022
1682234,3757,3.53,2000
15084990,3759,3.69,1995
10298377,3760,3.87,June 1962
1243580,3761,3.49,October 1977
5162917,3769,3.66,21 June 2013
2574085,3773,3.67,2002
2449316,3778,3.59,1988
1100734,3784,3.6,2001
1722891,3788,3.45,August 1965
1216897,3789,3.5,August 1953
1127382,3791,3.55,1980
3198830,3797,3.65,1988
1009955,3800,3.49,December 1968
2110021,3802,3.85,1974
3642053,3806,3.41,21 May 2012
1705594,3815,3.71,August 1969
1873043,3816,3.76,1992
14905719,3820,3.77,4 March 2020
11967363,3821,3.23,November 1958
13684127,3824,3.61,17 May 2019
2790843,3832,3.63,14 April 2009
1191680,3837,3.28,2002
2183269,3841,3.5,1971
27819150,3847,3.48,1955
1172353,3851,3.81,1985
22893827,3853,3.52,18 April 2022
20531383,3858,3.48,27 February 2012
3256069,3864,3.24,5 February 2007
623369,3867,3.7,March 2003
1545671,3868,3.7,30 November 1965
2655055,3869,3.74,11 July 2000
5095125,3873,3.47,1987
2349379,3874,3.53,20 July 2004
10364811,3876,3.47,10 February 2017
3254106,3879,3.43,1970
4768433,3880,3.43,30 July 2013
1490091,3881,3.47,1997
494282,3882,3.67,1998
389036,3883,3.45,6 March 1989
6058559,3885,3.55,16 September 2014
1949004,3897,3.48,March 1981
1729837,3902,3.4,17 February 2004
2207266,3912,3.54,1966
10129505,3913,3.58,21 February 1992
4246769,3918,3.69,1959
4425028,3929,3.71,1963
2669449,3936,3.55,June 2000
3707417,3939,3.42,9 March 2018
15941763,3940,3.56,November 1957
1242394,3941,3.68,1979
3011222,3942,3.62,1959
650160,3946,3.49,25 May 1979
463701,3957,3.71,1965
2644289,3960,3.61,1973
1311110,3963,3.78,1957
6913004,3964,3.08,1955
622997,3966,3.26,22 February 1999
1619547,3972,3.57,1969
14639310,3975,3.4,25 October 2019
2945732,3980,3.71,1970
2669487,3982,3.09,October 1948
453003,3987,3.65,1977
2790843,3988,3.5,30 September 2008
12532239,3997,3.08,14 September 2018
6345801,3999,3.43,21 September 1978
1421508,4013,3.57,1977
8111640,4016,3.57,12 February 2016
16225338,4018,3.29,30 September 2022
13492074,4021,3.72,2003
9461674,4023,3.53,2000
317667,4024,3.39,15 October 2001
3565068,4025,3.59,25 April 2000
24264125,4033,3.55,28 October 2022
1410120,4035,3.6,21 June 2005
325785,4036,3.62,31 July 2001
1564302,4038,3.48,April 1975
3069182,4041,3.42,1978
5988940,4042,3.56,17 June 2014
1468422,4043,3.45,April 1982
830458,4052,3.4,1976
3879172,4056,3.55,1971
2019307,4061,3.75,1968
18109759,4068,3.18,21 August 2020
3232363,4070,3.35,1970
2525489,4071,3.49,1955
1130620,4078,3.46,22 October 2007
1863745,4081,3.53,1998
4327791,4082,3.58,1979
1529177,4092,3.4,1992
3128574,4097,3.31,1 October 2011
6059716,4103,3.16,25 March 2014
10805340,4105,3.54,1 September 2017
2500372,4117,3.63,1956
419467,4123,3.2,1979
12966218,4124,3.21,2017
1528502,4125,3.31,1977
7607222,4132,3.42,March 1988
13391412,4146,3.49,11 March 2019
4529523,4153,3.43,1985
6584490,4154,3.46,21 January 2022
678286,4159,3.55,18 March 2002
16107057,4162,3.4,16 October 2020
4500690,4168,3.76,1959
2732922,4169,2.97,28 February 2005
2841636,4170,3.31,1986
3352257,4172,3.68,May 1961
5076891,4173,3.67,1967
1153212,4175,3.43,1996
2620630,4180,3.59,1977
243232,4188,3.73,2003
16139659,4189,3.36,7 February 2012
5120181,4190,3.7,July 1969
2434295,4192,3.61,1963
4184092,4193,3.77,1 July 1998
1598225,4197,3.72,1980
12497028,4199,3.36,1971
969390,4206,3.57,1955
15168900,4207,3.72,1 April 2016
3368147,4209,3.79,1962
2297154,4212,3.77,1962
8818027,4215,3.46,16 June 2015
1334794,4216,3.75,December 1957
3202853,4227,3.35,27 September 2011
14853076,4232,3.62,1956
15285814,4240,3.49,8 May 2020
1615478,4241,3.53,17 July 2006
6225887,4247,2.53,24 October 2011
2610558,4257,3.55,1958
1872963,4267,3.52,12 May 2009
1512658,4270,3.34,18 July 2008
2790843,4274,3.75,4 August 2009
9698222,4287,3.55,1971
3552903,4292,3.54,1975
6913004,4295,2.99,1955
3131590,4296,3.41,1956
970469,4299,3.66,1975
514063,4304,3.69,1968
5702625,4306,3.98,1968
7652353,4307,3.36,22 October 2002
4013809,4308,3.41,1950
1958501,4314,3.67,1957
1648243,4315,3.73,1971
1412278,4321,3.57,4 August 1964
5430563,4322,3.7,1966
858532,4330,3.52,1971
4392825,4331,3.52,5 May 1971
1118628,4336,3.5,1955
1487476,4338,3.47,1971
3773643,4339,3.63,1963
7472728,4345,3.55,7 September 2015
7014389,4350,3.66,23 September 2003
11861144,4353,3.29,20 April 2018
3421727,4354,3.51,1964
1334615,4360,3.39,6 January 1986
582435,4366,3.62,1958
1658807,4370,3.46,1970
428945,4373,3.35,February 1974
1650293,4375,3.63,August 1970
3870912,4381,3.33,28 August 2012
2324490,4383,3.47,August 1967
18533209,4388,3.97,11 December 2020
2777291,4389,3.55,24 April 2010
1013101,4394,3.63,1973
4036208,4395,3.81,1956
8043689,4404,3.36,29 January 2016
613727,4409,3.71,2001
1695620,4410,3.42,1996
5884151,4420,3.49,March 1942
2461118,4421,3.51,1956
15664740,4424,3.41,11 December 2020
1014632,4427,3.48,1970
5097355,4429,3.6,May 1956
597602,4430,3.54,18 August 1998
9905390,4432,3.47,8 August 1995
23565209,4439,3.54,29 October 2021
3008230,4440,3.56,14 June 2011
640691,4441,3.58,1966
884338,4444,3.48,1968
4085631,4448,3.56,27 November 2012
1243435,4455,3.57,1966
16966686,4470,3.55,5 February 2021
8951405,4478,3.41,12 May 2017
2218592,4480,3.46,1 February 2000
93691,4487,3.21,8 August 2000
1209547,4491,3.83,29 March 1993
2120856,4498,3.69,1995
23254337,4499,3.35,6 May 2022
2963178,4501,3.78,1976
1350770,4507,3.71,1960
367123,4508,3.75,10 March 1998
5215637,4510,3.33,19 February 2008
1645761,4515,3.53,August 1981
3093917,4530,3.37,1 September 2011
3207691,4532,3.55,16 February 1999
1567745,4533,3.59,1963
14271588,4536,3.47,1 November 2019
4199918,4538,3.51,1973
891836,4541,3.15,17 May 1965
1483395,4551,3.77,1974
8050549,4562,3.41,9 June 1998
1462986,4563,3.7,1999
1638117,4566,3.46,1968
21055372,4573,3.57,1996
12967172,4576,3.72,5 October 2018
1135662,4586,3.46,1972
691733,4591,3.48,30 August 2005
9233508,4594,3.61,1980
758787,4599,3.7,1959
1276245,4605,3.81,13 February 1996
1866912,4606,3.77,17 September 2002
464365,4607,3.81,June 1969
333102,4615,3.2,22 February 2005
428682,4616,3.45,1990
3860574,4620,3.94,1979
1366821,4621,3.41,16 September 1976
6832937,4625,3.44,4 April 1995
1266612,4631,3.7,2002
580398,4637,3.5,1981
28280527,4638,3.87,15 September 2023
5078092,4654,2.64,May 1988
23386052,4657,3.55,23 May 2022
2231712,4659,3.05,1967
1225740,4660,3.22,1983
1887837,4662,3.66,22 June 2007
1609233,4665,3.46,1975
442035,4673,3.62,1995
13964540,4676,3.91,21 June 2019
2680957,4677,3.5,January 1965
4556696,4679,3.61,1957
4963973,4683,3.67,1986
26710925,4691,3.21,7 April 2023
15664740,4694,3.35,6 August 2021
2676432,4696,3.49,25 January 2011
3587181,4697,3.63,1965
2326789,4699,3.78,1956
488821,4700,3.48,1973
3369792,4703,3.56,1969
2259028,4708,3.83,30 August 1986
1662613,4710,3.7,1960
40753,4711,3.39,1984
818248,4717,3.46,1982
2489512,4718,3.47,1957
13124259,4720,3.46,1994
10495401,4725,3.27,30 June 2017
15769545,4731,3.35,1978
7921573,4734,3.75,5 September 1978
2723426,4735,3.53,19 October 1995
1928767,4737,3.22,8 January 2008
6033762,4739,3.43,1954
5807477,4740,3.4,20 October 2003
1291223,4750,3.56,1991
16613643,4757,3.77,18 September 2020
1116919,4762,3.58,1997
1042458,4764,3.32,1954
1295511,4765,3.61,1995
5767120,4769,3.74,23 November 2012
2277297,4772,3.61,1961
9201239,4777,3.38,14 October 2016
15344462,4781,3.56,28 May 2020
13022046,4784,3.2,2 February 2019
15596582,4791,2.71,23 November 2015
419583,4793,3.52,15 September 2003
3534299,4796,3.59,1981
1804589,4799,3.62,March 1976
19546087,4806,3.45,10 January 2020
13957591,4810,3.7,26 April 2019
714000,4814,3.44,1963
1856478,4815,3.6,1977
11196319,4817,3.53,1 April 2008
1249467,4819,3.69,1996
7063300,4821,3.37,2015
3009685,4827,3.63,1959
1113889,4828,3.29,10 July 2007
377309,4829,3.37,2001
1681584,4832,3.56,1979
12779642,4840,3.67,1963
12685255,4841,3.45,12 November 2018
1309408,4854,3.56,24 October 1995
6447940,4856,3.62,1976
11782468,4857,3.71,February 2000
2389236,4858,3.06,August 1960
799069,4862,3.64,August 1999
1463762,4871,3.38,September 1974
100228,4877,3.48,1980
1228125,4878,3.69,25 April 1995
3405165,4880,3.44,1964
475757,4886,3.35,1997
25536259,4893,3.53,October 1983
5702625,4894,3.68,1968
7330444,4896,3.52,April 1940
6349090,4897,3.7,6 September 2000
2084641,4900,3.55,October 1960
22860257,4903,3.51,8 April 2022
1257820,4909,3.46,1975
1093665,4912,3.61,13 November 2001
2358828,4916,3.64,15 August 2000
12932753,4920,3.47,2 November 2018
10866619,4922,3.03,27 June 2016
533631,4934,3.7,2000
1101315,4935,3.73,1970
2518806,4940,3.67,1977
1664794,4947,3.56,1973
1242802,4950,3.58,1973
372385,4952,3.72,1965
5097355,4953,3.68,1993
1473693,4958,3.62,1995
7773024,4969,3.35,17 November 2014
4766886,4976,2.72,23 July 2013
4652425,4979,3.61,1963
3960363,4981,3.55,May 1959
3218976,4985,3.4,25 February 2011
2616600,4987,3.24,November 1962
1696766,4989,3.4,1957
15086674,4990,3.47,17 January 2020
18321454,4994,3.66,1 March 2019
5187991,4995,3.74,2013
28388224,4998,3.44,28 July 2023
3263351,5002,3.66,1965
6395075,5004,3.72,January 1957
5988883,5006,3.4,April 1971
11207632,5017,3.59,1976
532535,5021,3.49,2000
3966253,5023,3.55,1955
1109874,5026,3.86,1996
9681423,5037,3.6,21 January 2007
